{
  "eye": {
    "orientation": [
      0.007104670628905296,
      0.518447995185852,
      0.03961045667529106,
      0.8541617393493652
    ],
    "magnitude": 0.5773502588272095,
    "position": [
      177.38198852539062,
      5.782393455505371,
      92.2076416015625
    ]
  },
  "paths": [],
  "ortho": false,
  "radius": 100,
  "visualHints": 3
}